Sample,Plate,Row,Column,Well,Measurement,Value
3S-H_Glc,4_11952,A,2,A02,Meas A,460.0
2S-H_Glc,4_11952,A,3,A03,Meas A,405.0
1S-H_Glc,4_11952,A,4,A04,Meas A,444.0
3P-H_Glc,4_11952,A,5,A05,Meas A,386.0
2P-H_Glc,4_11952,A,6,A06,Meas A,336.0
1P-H_Glc,4_11952,A,7,A07,Meas A,406.0
3M-H_Glc,4_11952,A,8,A08,Meas A,388.0
2M-H_Glc,4_11952,A,9,A09,Meas A,358.0
1M-H_Glc,4_11952,A,10,A10,Meas A,394.0
Glc_Spc,4_11952,A,11,A11,Meas A,419.0
3S-H_CAA,4_11952,B,2,B02,Meas A,729.0
2S-H_CAA,4_11952,B,3,B03,Meas A,456.0
1S-H_CAA,4_11952,B,4,B04,Meas A,872.0
3P-H_CAA,4_11952,B,5,B05,Meas A,703.0
2P-H_CAA,4_11952,B,6,B06,Meas A,303.0
1P-H_CAA,4_11952,B,7,B07,Meas A,964.0
3M-H_CAA,4_11952,B,8,B08,Meas A,723.0
2M-H_CAA,4_11952,B,9,B09,Meas A,706.0
1M-H_CAA,4_11952,B,10,B10,Meas A,896.0
CAA_Spc,4_11952,B,11,B11,Meas A,294.0
3S-M_Glc,4_11952,C,2,C02,Meas A,494.0
2S-M_Glc,4_11952,C,3,C03,Meas A,389.0
1S-M_Glc,4_11952,C,4,C04,Meas A,412.0
3P-M_Glc,4_11952,C,5,C05,Meas A,428.0
2P-M_Glc,4_11952,C,6,C06,Meas A,227.0
1P-M_Glc,4_11952,C,7,C07,Meas A,364.0
3M-M_Glc,4_11952,C,8,C08,Meas A,445.0
2M-M_Glc,4_11952,C,9,C09,Meas A,319.0
1M-M_Glc,4_11952,C,10,C10,Meas A,419.0
Glc,4_11952,C,11,C11,Meas A,484.0
3S-M_CAA,4_11952,D,2,D02,Meas A,722.0
2S-M_CAA,4_11952,D,3,D03,Meas A,466.0
1S-M_CAA,4_11952,D,4,D04,Meas A,1154.0
3P-M_CAA,4_11952,D,5,D05,Meas A,715.0
2P-M_CAA,4_11952,D,6,D06,Meas A,328.0
1P-M_CAA,4_11952,D,7,D07,Meas A,829.0
3M-M_CAA,4_11952,D,8,D08,Meas A,647.0
2M-M_CAA,4_11952,D,9,D09,Meas A,687.0
1M-M_CAA,4_11952,D,10,D10,Meas A,999.0
CAA,4_11952,D,11,D11,Meas A,422.0
3S-O_Glc,4_11952,E,2,E02,Meas A,417.0
2S-O_Glc,4_11952,E,3,E03,Meas A,500.0
1S-O_Glc,4_11952,E,4,E04,Meas A,376.0
3P-O_Glc,4_11952,E,5,E05,Meas A,466.0
2P-O_Glc,4_11952,E,6,E06,Meas A,355.0
1P-O_Glc,4_11952,E,7,E07,Meas A,496.0
3M-O_Glc,4_11952,E,8,E08,Meas A,396.0
2M-O_Glc,4_11952,E,9,E09,Meas A,365.0
1M-O_Glc,4_11952,E,10,E10,Meas A,449.0
3S-O_CAA,4_11952,F,2,F02,Meas A,721.0
2S-O_CAA,4_11952,F,3,F03,Meas A,1086.0
1S-O_CAA,4_11952,F,4,F04,Meas A,1052.0
3P-O_CAA,4_11952,F,5,F05,Meas A,821.0
2P-O_CAA,4_11952,F,6,F06,Meas A,991.0
1P-O_CAA,4_11952,F,7,F07,Meas A,998.0
3M-O_CAA,4_11952,F,8,F08,Meas A,740.0
2M-O_CAA,4_11952,F,9,F09,Meas A,951.0
1M-O_CAA,4_11952,F,10,F10,Meas A,1113.0
3S_Glc,4_11952,G,2,G02,Meas A,398.0
2S_Glc,4_11952,G,3,G03,Meas A,463.0
1S_Glc,4_11952,G,4,G04,Meas A,448.0
3P_Glc,4_11952,G,5,G05,Meas A,409.0
2P_Glc,4_11952,G,6,G06,Meas A,342.0
1P_Glc,4_11952,G,7,G07,Meas A,319.0
3M_Glc,4_11952,G,8,G08,Meas A,263.0
2M_Glc,4_11952,G,9,G09,Meas A,462.0
1M_Glc,4_11952,G,10,G10,Meas A,445.0
3S_CAA,4_11952,H,2,H02,Meas A,868.0
2S_CAA,4_11952,H,3,H03,Meas A,1973.0
1S_CAA,4_11952,H,4,H04,Meas A,1133.0
3P_CAA,4_11952,H,5,H05,Meas A,788.0
2P_CAA,4_11952,H,6,H06,Meas A,1099.0
1P_CAA,4_11952,H,7,H07,Meas A,1060.0
3M_CAA,4_11952,H,8,H08,Meas A,769.0
2M_CAA,4_11952,H,9,H09,Meas A,1742.0
1M_CAA,4_11952,H,10,H10,Meas A,1128.0
3S-H_Glc,4_11952,A,2,A02,Meas B,0.08
2S-H_Glc,4_11952,A,3,A03,Meas B,0.082
1S-H_Glc,4_11952,A,4,A04,Meas B,0.073
3P-H_Glc,4_11952,A,5,A05,Meas B,0.073
2P-H_Glc,4_11952,A,6,A06,Meas B,0.088
1P-H_Glc,4_11952,A,7,A07,Meas B,0.069
3M-H_Glc,4_11952,A,8,A08,Meas B,0.063
2M-H_Glc,4_11952,A,9,A09,Meas B,0.075
1M-H_Glc,4_11952,A,10,A10,Meas B,0.069
Glc_Spc,4_11952,A,11,A11,Meas B,0.04
3S-H_CAA,4_11952,B,2,B02,Meas B,0.409
2S-H_CAA,4_11952,B,3,B03,Meas B,0.447
1S-H_CAA,4_11952,B,4,B04,Meas B,0.401
3P-H_CAA,4_11952,B,5,B05,Meas B,0.401
2P-H_CAA,4_11952,B,6,B06,Meas B,0.421
1P-H_CAA,4_11952,B,7,B07,Meas B,0.44
3M-H_CAA,4_11952,B,8,B08,Meas B,0.386
2M-H_CAA,4_11952,B,9,B09,Meas B,0.389
1M-H_CAA,4_11952,B,10,B10,Meas B,0.444
CAA_Spc,4_11952,B,11,B11,Meas B,0.038
3S-M_Glc,4_11952,C,2,C02,Meas B,0.077
2S-M_Glc,4_11952,C,3,C03,Meas B,0.078
1S-M_Glc,4_11952,C,4,C04,Meas B,0.058
3P-M_Glc,4_11952,C,5,C05,Meas B,0.071
2P-M_Glc,4_11952,C,6,C06,Meas B,0.084
1P-M_Glc,4_11952,C,7,C07,Meas B,0.067
3M-M_Glc,4_11952,C,8,C08,Meas B,0.086
2M-M_Glc,4_11952,C,9,C09,Meas B,0.074
1M-M_Glc,4_11952,C,10,C10,Meas B,0.072
Glc,4_11952,C,11,C11,Meas B,0.037
3S-M_CAA,4_11952,D,2,D02,Meas B,0.331
2S-M_CAA,4_11952,D,3,D03,Meas B,0.404
1S-M_CAA,4_11952,D,4,D04,Meas B,0.415
3P-M_CAA,4_11952,D,5,D05,Meas B,0.393
2P-M_CAA,4_11952,D,6,D06,Meas B,0.381
1P-M_CAA,4_11952,D,7,D07,Meas B,0.38
3M-M_CAA,4_11952,D,8,D08,Meas B,0.37
2M-M_CAA,4_11952,D,9,D09,Meas B,0.38
1M-M_CAA,4_11952,D,10,D10,Meas B,0.401
CAA,4_11952,D,11,D11,Meas B,0.039
3S-O_Glc,4_11952,E,2,E02,Meas B,0.065
2S-O_Glc,4_11952,E,3,E03,Meas B,0.075
1S-O_Glc,4_11952,E,4,E04,Meas B,0.068
3P-O_Glc,4_11952,E,5,E05,Meas B,0.051
2P-O_Glc,4_11952,E,6,E06,Meas B,0.046
1P-O_Glc,4_11952,E,7,E07,Meas B,0.052
3M-O_Glc,4_11952,E,8,E08,Meas B,0.069
2M-O_Glc,4_11952,E,9,E09,Meas B,0.07
1M-O_Glc,4_11952,E,10,E10,Meas B,0.069
3S-O_CAA,4_11952,F,2,F02,Meas B,0.416
2S-O_CAA,4_11952,F,3,F03,Meas B,0.416
1S-O_CAA,4_11952,F,4,F04,Meas B,0.422
3P-O_CAA,4_11952,F,5,F05,Meas B,0.407
2P-O_CAA,4_11952,F,6,F06,Meas B,0.298
1P-O_CAA,4_11952,F,7,F07,Meas B,0.251
3M-O_CAA,4_11952,F,8,F08,Meas B,0.356
2M-O_CAA,4_11952,F,9,F09,Meas B,0.359
1M-O_CAA,4_11952,F,10,F10,Meas B,0.381
3S_Glc,4_11952,G,2,G02,Meas B,0.056
2S_Glc,4_11952,G,3,G03,Meas B,0.086
1S_Glc,4_11952,G,4,G04,Meas B,0.07
3P_Glc,4_11952,G,5,G05,Meas B,0.052
2P_Glc,4_11952,G,6,G06,Meas B,0.049
1P_Glc,4_11952,G,7,G07,Meas B,0.06
3M_Glc,4_11952,G,8,G08,Meas B,0.055
2M_Glc,4_11952,G,9,G09,Meas B,0.083
1M_Glc,4_11952,G,10,G10,Meas B,0.067
3S_CAA,4_11952,H,2,H02,Meas B,0.419
2S_CAA,4_11952,H,3,H03,Meas B,0.441
1S_CAA,4_11952,H,4,H04,Meas B,0.426
3P_CAA,4_11952,H,5,H05,Meas B,0.408
2P_CAA,4_11952,H,6,H06,Meas B,0.443
1P_CAA,4_11952,H,7,H07,Meas B,0.241
3M_CAA,4_11952,H,8,H08,Meas B,0.393
2M_CAA,4_11952,H,9,H09,Meas B,0.377
1M_CAA,4_11952,H,10,H10,Meas B,0.357
